"parameter_names","params_vector.par"
"A_s",1.13217130568543
"A_n",1.24072428578209
"xi_ss",-0.0240391003173636
"xi_cross",-0.00975701805871849
"xi_nn",-0.143203449251061
"nu1_n",0.499789016829065
"lambda_s",0.0475534289172866
"k_s",16.0039928087792
"Pm",5.13305869477827
"psscl",99.9997525844035
"pnscl",20.0966034407874
