"parameter_names","params_vector.par"
"A_s",1.26056335397585
"A_n",1.08952509660177
"xi_ss",-0.19045432483483
"xi_cross",0.0858582181233486
"xi_nn",-0.199606710054174
"nu1_n",0.468651387247736
"lambda_s",0.113691475421576
"k_s",15.9999974268482
"Pm",5.06001294919082
